first_name,last_name,title,release_year,category_id,N+A
PENELOPE,GUINESS,ACADEMY DINOSAUR,2006,6,PENELOPEGUINESS
PENELOPE,GUINESS,ANACONDA CONFESSIONS,2006,2,PENELOPEGUINESS
PENELOPE,GUINESS,ANGELS LIFE,2006,13,PENELOPEGUINESS
PENELOPE,GUINESS,BULWORTH COMMANDMENTS,2006,10,PENELOPEGUINESS
PENELOPE,GUINESS,CHEAPER CLYDE,2006,14,PENELOPEGUINESS
PENELOPE,GUINESS,COLOR PHILADELPHIA,2006,4,PENELOPEGUINESS
PENELOPE,GUINESS,ELEPHANT TROJAN,2006,11,PENELOPEGUINESS
PENELOPE,GUINESS,GLEAMING JAWBREAKER,2006,15,PENELOPEGUINESS
PENELOPE,GUINESS,HUMAN GRAFFITI,2006,10,PENELOPEGUINESS
PENELOPE,GUINESS,KING EVOLUTION,2006,8,PENELOPEGUINESS
PENELOPE,GUINESS,LADY STAGE,2006,11,PENELOPEGUINESS
PENELOPE,GUINESS,LANGUAGE COWBOY,2006,3,PENELOPEGUINESS
PENELOPE,GUINESS,MULHOLLAND BEAST,2006,9,PENELOPEGUINESS
PENELOPE,GUINESS,OKLAHOMA JUMANJI,2006,13,PENELOPEGUINESS
PENELOPE,GUINESS,RULES HUMAN,2006,11,PENELOPEGUINESS
PENELOPE,GUINESS,SPLASH GUMP,2006,8,PENELOPEGUINESS
PENELOPE,GUINESS,VERTIGO NORTHWEST,2006,5,PENELOPEGUINESS
PENELOPE,GUINESS,WESTWARD SEABISCUIT,2006,4,PENELOPEGUINESS
PENELOPE,GUINESS,WIZARD COLDBLOODED,2006,12,PENELOPEGUINESS
NICK,WAHLBERG,ADAPTATION HOLES,2006,6,NICKWAHLBERG
NICK,WAHLBERG,APACHE DIVINE,2006,8,NICKWAHLBERG
NICK,WAHLBERG,BABY HALL,2006,9,NICKWAHLBERG
NICK,WAHLBERG,BULL SHAWSHANK,2006,1,NICKWAHLBERG
NICK,WAHLBERG,CHAINSAW UPTOWN,2006,14,NICKWAHLBERG
NICK,WAHLBERG,CHISUM BEHAVIOR,2006,8,NICKWAHLBERG
NICK,WAHLBERG,DESTINY SATURDAY,2006,13,NICKWAHLBERG
NICK,WAHLBERG,DRACULA CRYSTAL,2006,4,NICKWAHLBERG
NICK,WAHLBERG,FIGHT JAWBREAKER,2006,2,NICKWAHLBERG
NICK,WAHLBERG,FLASH WARS,2006,13,NICKWAHLBERG
NICK,WAHLBERG,GILBERT PELICAN,2006,4,NICKWAHLBERG
NICK,WAHLBERG,GOODFELLAS SALUTE,2006,14,NICKWAHLBERG
NICK,WAHLBERG,HAPPINESS UNITED,2006,9,NICKWAHLBERG
NICK,WAHLBERG,INDIAN LOVE,2006,8,NICKWAHLBERG
NICK,WAHLBERG,JEKYLL FROGMEN,2006,13,NICKWAHLBERG
NICK,WAHLBERG,JERSEY SASSY,2006,3,NICKWAHLBERG
NICK,WAHLBERG,LIAISONS SWEET,2006,16,NICKWAHLBERG
NICK,WAHLBERG,LUCKY FLYING,2006,12,NICKWAHLBERG
NICK,WAHLBERG,MAGUIRE APACHE,2006,8,NICKWAHLBERG
NICK,WAHLBERG,MALLRATS UNITED,2006,5,NICKWAHLBERG
NICK,WAHLBERG,MASK PEACH,2006,13,NICKWAHLBERG
NICK,WAHLBERG,ROOF CHAMPION,2006,10,NICKWAHLBERG
NICK,WAHLBERG,RUSHMORE MERMAID,2006,5,NICKWAHLBERG
NICK,WAHLBERG,SMILE EARRING,2006,16,NICKWAHLBERG
NICK,WAHLBERG,WARDROBE PHANTOM,2006,7,NICKWAHLBERG
ED,CHASE,ALONE TRIP,2006,12,EDCHASE
ED,CHASE,ARMY FLINTSTONES,2006,6,EDCHASE
ED,CHASE,ARTIST COLDBLOODED,2006,15,EDCHASE
ED,CHASE,BOONDOCK BALLROOM,2006,16,EDCHASE
ED,CHASE,CADDYSHACK JEDI,2006,1,EDCHASE
ED,CHASE,COWBOY DOOM,2006,9,EDCHASE
ED,CHASE,EVE RESURRECTION,2006,13,EDCHASE
ED,CHASE,FORREST SONS,2006,1,EDCHASE
ED,CHASE,FRENCH HOLIDAY,2006,6,EDCHASE
ED,CHASE,FROST HEAD,2006,4,EDCHASE
ED,CHASE,HALLOWEEN NUTS,2006,6,EDCHASE
ED,CHASE,HUNTER ALTER,2006,6,EDCHASE
ED,CHASE,IMAGE PRINCESS,2006,15,EDCHASE
ED,CHASE,JEEPERS WEDDING,2006,4,EDCHASE
ED,CHASE,LUCK OPUS,2006,7,EDCHASE
ED,CHASE,NECKLACE OUTBREAK,2006,7,EDCHASE
ED,CHASE,PLATOON INSTINCT,2006,13,EDCHASE
ED,CHASE,SPICE SORORITY,2006,7,EDCHASE
ED,CHASE,WEDDING APOLLO,2006,6,EDCHASE
ED,CHASE,WEEKEND PERSONAL,2006,14,EDCHASE
ED,CHASE,WHALE BIKINI,2006,9,EDCHASE
ED,CHASE,YOUNG LANGUAGE,2006,6,EDCHASE
JENNIFER,DAVIS,ANACONDA CONFESSIONS,2006,2,JENNIFERDAVIS
JENNIFER,DAVIS,ANGELS LIFE,2006,13,JENNIFERDAVIS
JENNIFER,DAVIS,BAREFOOT MANCHURIAN,2006,1,JENNIFERDAVIS
JENNIFER,DAVIS,BED HIGHBALL,2006,6,JENNIFERDAVIS
JENNIFER,DAVIS,BLADE POLISH,2006,7,JENNIFERDAVIS
JENNIFER,DAVIS,BOONDOCK BALLROOM,2006,16,JENNIFERDAVIS
JENNIFER,DAVIS,GHOSTBUSTERS ELF,2006,2,JENNIFERDAVIS
JENNIFER,DAVIS,GREEDY ROOTS,2006,7,JENNIFERDAVIS
JENNIFER,DAVIS,HANOVER GALAXY,2006,12,JENNIFERDAVIS
JENNIFER,DAVIS,INSTINCT AIRPORT,2006,15,JENNIFERDAVIS
JENNIFER,DAVIS,JUMANJI BLADE,2006,13,JENNIFERDAVIS
JENNIFER,DAVIS,NATIONAL STORY,2006,6,JENNIFERDAVIS
JENNIFER,DAVIS,OKLAHOMA JUMANJI,2006,13,JENNIFERDAVIS
JENNIFER,DAVIS,POSEIDON FOREVER,2006,15,JENNIFERDAVIS
JENNIFER,DAVIS,RAIDERS ANTITRUST,2006,6,JENNIFERDAVIS
JENNIFER,DAVIS,RANDOM GO,2006,14,JENNIFERDAVIS
JENNIFER,DAVIS,REDS POCUS,2006,12,JENNIFERDAVIS
JENNIFER,DAVIS,SILVERADO GOLDFINGER,2006,14,JENNIFERDAVIS
JENNIFER,DAVIS,SPLASH GUMP,2006,8,JENNIFERDAVIS
JENNIFER,DAVIS,SUBMARINE BED,2006,5,JENNIFERDAVIS
JENNIFER,DAVIS,TREASURE COMMAND,2006,11,JENNIFERDAVIS
JENNIFER,DAVIS,UNFORGIVEN ZOOLANDER,2006,14,JENNIFERDAVIS
JOHNNY,LOLLOBRIGIDA,AMADEUS HOLY,2006,1,JOHNNYLOLLOBRIGIDA
JOHNNY,LOLLOBRIGIDA,BANGER PINOCCHIO,2006,12,JOHNNYLOLLOBRIGIDA
JOHNNY,LOLLOBRIGIDA,BONNIE HOLOCAUST,2006,6,JOHNNYLOLLOBRIGIDA
JOHNNY,LOLLOBRIGIDA,CHITTY LOCK,2006,7,JOHNNYLOLLOBRIGIDA
JOHNNY,LOLLOBRIGIDA,COMMANDMENTS EXPRESS,2006,11,JOHNNYLOLLOBRIGIDA
JOHNNY,LOLLOBRIGIDA,CONEHEADS SMOOCHY,2006,7,JOHNNYLOLLOBRIGIDA
JOHNNY,LOLLOBRIGIDA,DADDY PITTSBURGH,2006,5,JOHNNYLOLLOBRIGIDA
JOHNNY,LOLLOBRIGIDA,DAISY MENAGERIE,2006,14,JOHNNYLOLLOBRIGIDA
JOHNNY,LOLLOBRIGIDA,ENOUGH RAGING,2006,16,JOHNNYLOLLOBRIGIDA
JOHNNY,LOLLOBRIGIDA,ESCAPE METROPOLIS,2006,16,JOHNNYLOLLOBRIGIDA
JOHNNY,LOLLOBRIGIDA,FIRE WOLVES,2006,10,JOHNNYLOLLOBRIGIDA
JOHNNY,LOLLOBRIGIDA,FRONTIER CABIN,2006,13,JOHNNYLOLLOBRIGIDA
JOHNNY,LOLLOBRIGIDA,GOODFELLAS SALUTE,2006,14,JOHNNYLOLLOBRIGIDA
JOHNNY,LOLLOBRIGIDA,GRAIL FRANKENSTEIN,2006,1,JOHNNYLOLLOBRIGIDA
JOHNNY,LOLLOBRIGIDA,GROOVE FICTION,2006,15,JOHNNYLOLLOBRIGIDA
JOHNNY,LOLLOBRIGIDA,HALL CASSIDY,2006,3,JOHNNYLOLLOBRIGIDA
JOHNNY,LOLLOBRIGIDA,HEAVENLY GUN,2006,12,JOHNNYLOLLOBRIGIDA
JOHNNY,LOLLOBRIGIDA,KRAMER CHOCOLATE,2006,15,JOHNNYLOLLOBRIGIDA
JOHNNY,LOLLOBRIGIDA,LOVE SUICIDES,2006,11,JOHNNYLOLLOBRIGIDA
JOHNNY,LOLLOBRIGIDA,METAL ARMAGEDDON,2006,6,JOHNNYLOLLOBRIGIDA
JOHNNY,LOLLOBRIGIDA,PACIFIC AMISTAD,2006,6,JOHNNYLOLLOBRIGIDA
JOHNNY,LOLLOBRIGIDA,PATTON INTERVIEW,2006,11,JOHNNYLOLLOBRIGIDA
JOHNNY,LOLLOBRIGIDA,POCUS PULP,2006,6,JOHNNYLOLLOBRIGIDA
JOHNNY,LOLLOBRIGIDA,RIDGEMONT SUBMARINE,2006,13,JOHNNYLOLLOBRIGIDA
JOHNNY,LOLLOBRIGIDA,RINGS HEARTBREAKERS,2006,1,JOHNNYLOLLOBRIGIDA
JOHNNY,LOLLOBRIGIDA,SMILE EARRING,2006,16,JOHNNYLOLLOBRIGIDA
JOHNNY,LOLLOBRIGIDA,SOLDIERS EVOLUTION,2006,14,JOHNNYLOLLOBRIGIDA
JOHNNY,LOLLOBRIGIDA,STAR OPERATION,2006,15,JOHNNYLOLLOBRIGIDA
JOHNNY,LOLLOBRIGIDA,SUNRISE LEAGUE,2006,2,JOHNNYLOLLOBRIGIDA
BETTE,NICHOLSON,ANTITRUST TOMATOES,2006,1,BETTENICHOLSON
BETTE,NICHOLSON,BANG KWAI,2006,8,BETTENICHOLSON
BETTE,NICHOLSON,BEAST HUNCHBACK,2006,4,BETTENICHOLSON
BETTE,NICHOLSON,BIKINI BORROWERS,2006,2,BETTENICHOLSON
BETTE,NICHOLSON,CALENDAR GUNFIGHT,2006,9,BETTENICHOLSON
BETTE,NICHOLSON,COAST RAINBOW,2006,6,BETTENICHOLSON
BETTE,NICHOLSON,COLDBLOODED DARLING,2006,14,BETTENICHOLSON
BETTE,NICHOLSON,CROSSROADS CASUALTIES,2006,2,BETTENICHOLSON
BETTE,NICHOLSON,DROP WATERFRONT,2006,15,BETTENICHOLSON
BETTE,NICHOLSON,IGBY MAKER,2006,16,BETTENICHOLSON
BETTE,NICHOLSON,KRAMER CHOCOLATE,2006,15,BETTENICHOLSON
BETTE,NICHOLSON,LANGUAGE COWBOY,2006,3,BETTENICHOLSON
BETTE,NICHOLSON,LESSON CLEOPATRA,2006,15,BETTENICHOLSON
BETTE,NICHOLSON,LIBERTY MAGNIFICENT,2006,15,BETTENICHOLSON
BETTE,NICHOLSON,MULHOLLAND BEAST,2006,9,BETTENICHOLSON
BETTE,NICHOLSON,POTLUCK MIXED,2006,2,BETTENICHOLSON
BETTE,NICHOLSON,SPEED SUIT,2006,16,BETTENICHOLSON
BETTE,NICHOLSON,TITANIC BOONDOCK,2006,2,BETTENICHOLSON
BETTE,NICHOLSON,TRADING PINOCCHIO,2006,15,BETTENICHOLSON
BETTE,NICHOLSON,WYOMING STORM,2006,13,BETTENICHOLSON
GRACE,MOSTEL,ANGELS LIFE,2006,13,GRACEMOSTEL
GRACE,MOSTEL,ANONYMOUS HUMAN,2006,15,GRACEMOSTEL
GRACE,MOSTEL,ARACHNOPHOBIA ROLLERCOASTER,2006,11,GRACEMOSTEL
GRACE,MOSTEL,BERETS AGENT,2006,1,GRACEMOSTEL
GRACE,MOSTEL,BREAKING HOME,2006,13,GRACEMOSTEL
GRACE,MOSTEL,COMMAND DARLING,2006,9,GRACEMOSTEL
GRACE,MOSTEL,CONFESSIONS MAGUIRE,2006,7,GRACEMOSTEL
GRACE,MOSTEL,DAZED PUNK,2006,10,GRACEMOSTEL
GRACE,MOSTEL,DECEIVER BETRAYED,2006,7,GRACEMOSTEL
GRACE,MOSTEL,DESTINATION JERK,2006,7,GRACEMOSTEL
GRACE,MOSTEL,EXCITEMENT EVE,2006,1,GRACEMOSTEL
GRACE,MOSTEL,GASLIGHT CRUSADE,2006,11,GRACEMOSTEL
GRACE,MOSTEL,HELLFIGHTERS SIERRA,2006,9,GRACEMOSTEL
GRACE,MOSTEL,INSTINCT AIRPORT,2006,15,GRACEMOSTEL
GRACE,MOSTEL,MALKOVICH PET,2006,4,GRACEMOSTEL
GRACE,MOSTEL,NECKLACE OUTBREAK,2006,7,GRACEMOSTEL
GRACE,MOSTEL,OCTOBER SUBMARINE,2006,4,GRACEMOSTEL
GRACE,MOSTEL,OPEN AFRICAN,2006,14,GRACEMOSTEL
GRACE,MOSTEL,POSEIDON FOREVER,2006,15,GRACEMOSTEL
GRACE,MOSTEL,SAINTS BRIDE,2006,7,GRACEMOSTEL
GRACE,MOSTEL,SAVANNAH TOWN,2006,7,GRACEMOSTEL
GRACE,MOSTEL,SCISSORHANDS SLUMS,2006,9,GRACEMOSTEL
GRACE,MOSTEL,SLEEPLESS MONSOON,2006,2,GRACEMOSTEL
GRACE,MOSTEL,SLEEPY JAPANESE,2006,13,GRACEMOSTEL
GRACE,MOSTEL,STING PERSONAL,2006,13,GRACEMOSTEL
GRACE,MOSTEL,TOWN ARK,2006,9,GRACEMOSTEL
GRACE,MOSTEL,TRACY CIDER,2006,2,GRACEMOSTEL
GRACE,MOSTEL,TREATMENT JEKYLL,2006,7,GRACEMOSTEL
GRACE,MOSTEL,WAR NOTTING,2006,9,GRACEMOSTEL
GRACE,MOSTEL,WARLOCK WEREWOLF,2006,3,GRACEMOSTEL
MATTHEW,JOHANSSON,BABY HALL,2006,9,MATTHEWJOHANSSON
MATTHEW,JOHANSSON,CAMPUS REMEMBER,2006,1,MATTHEWJOHANSSON
MATTHEW,JOHANSSON,CLONES PINOCCHIO,2006,12,MATTHEWJOHANSSON
MATTHEW,JOHANSSON,CONQUERER NUTS,2006,7,MATTHEWJOHANSSON
MATTHEW,JOHANSSON,CROWDS TELEMARK,2006,14,MATTHEWJOHANSSON
MATTHEW,JOHANSSON,DANCES NONE,2006,1,MATTHEWJOHANSSON
MATTHEW,JOHANSSON,DRIVING POLISH,2006,12,MATTHEWJOHANSSON
MATTHEW,JOHANSSON,DURHAM PANKY,2006,15,MATTHEWJOHANSSON
MATTHEW,JOHANSSON,FLASH WARS,2006,13,MATTHEWJOHANSSON
MATTHEW,JOHANSSON,HANGING DEEP,2006,7,MATTHEWJOHANSSON
MATTHEW,JOHANSSON,INDIAN LOVE,2006,8,MATTHEWJOHANSSON
MATTHEW,JOHANSSON,LIGHTS DEER,2006,4,MATTHEWJOHANSSON
MATTHEW,JOHANSSON,LOSER HUSTLER,2006,15,MATTHEWJOHANSSON
MATTHEW,JOHANSSON,MALKOVICH PET,2006,4,MATTHEWJOHANSSON
MATTHEW,JOHANSSON,RUNNER MADIGAN,2006,12,MATTHEWJOHANSSON
MATTHEW,JOHANSSON,SCHOOL JACKET,2006,9,MATTHEWJOHANSSON
MATTHEW,JOHANSSON,SCORPION APOLLO,2006,7,MATTHEWJOHANSSON
MATTHEW,JOHANSSON,SUGAR WONKA,2006,2,MATTHEWJOHANSSON
MATTHEW,JOHANSSON,TOMORROW HUSTLER,2006,4,MATTHEWJOHANSSON
MATTHEW,JOHANSSON,VANISHING ROCKY,2006,12,MATTHEWJOHANSSON
JOE,SWANK,ANYTHING SAVANNAH,2006,11,JOESWANK
JOE,SWANK,BIRCH ANTITRUST,2006,12,JOESWANK
JOE,SWANK,CHOCOLAT HARRY,2006,8,JOESWANK
JOE,SWANK,CHOCOLATE DUCK,2006,9,JOESWANK
JOE,SWANK,CROOKED FROGMEN,2006,3,JOESWANK
JOE,SWANK,CURTAIN VIDEOTAPE,2006,10,JOESWANK
JOE,SWANK,DALMATIONS SWEDEN,2006,7,JOESWANK
JOE,SWANK,HORROR REIGN,2006,16,JOESWANK
JOE,SWANK,LAWLESS VISION,2006,2,JOESWANK
JOE,SWANK,LEBOWSKI SOLDIERS,2006,7,JOESWANK
JOE,SWANK,MAJESTIC FLOATS,2006,6,JOESWANK
JOE,SWANK,PACIFIC AMISTAD,2006,6,JOESWANK
JOE,SWANK,PERDITION FARGO,2006,15,JOESWANK
JOE,SWANK,PRIMARY GLASS,2006,1,JOESWANK
JOE,SWANK,REEF SALUTE,2006,11,JOESWANK
JOE,SWANK,RUNNER MADIGAN,2006,12,JOESWANK
JOE,SWANK,SMILE EARRING,2006,16,JOESWANK
JOE,SWANK,SNATCHERS MONTEZUMA,2006,4,JOESWANK
JOE,SWANK,SUNRISE LEAGUE,2006,2,JOESWANK
JOE,SWANK,SWEETHEARTS SUSPECTS,2006,3,JOESWANK
JOE,SWANK,TIES HUNGER,2006,3,JOESWANK
JOE,SWANK,TRAFFIC HOBBIT,2006,16,JOESWANK
JOE,SWANK,UNTOUCHABLES SUNRISE,2006,6,JOESWANK
JOE,SWANK,WATERFRONT DELIVERANCE,2006,1,JOESWANK
JOE,SWANK,WILD APOLLO,2006,13,JOESWANK
CHRISTIAN,GABLE,ACADEMY DINOSAUR,2006,6,CHRISTIANGABLE
CHRISTIAN,GABLE,ALABAMA DEVIL,2006,11,CHRISTIANGABLE
CHRISTIAN,GABLE,CROOKED FROGMEN,2006,3,CHRISTIANGABLE
CHRISTIAN,GABLE,DIVINE RESURRECTION,2006,10,CHRISTIANGABLE
CHRISTIAN,GABLE,DRAGONFLY STRANGERS,2006,13,CHRISTIANGABLE
CHRISTIAN,GABLE,GOLDFINGER SENSIBILITY,2006,7,CHRISTIANGABLE
CHRISTIAN,GABLE,JAWBREAKER BROOKLYN,2006,12,CHRISTIANGABLE
CHRISTIAN,GABLE,JEEPERS WEDDING,2006,4,CHRISTIANGABLE
CHRISTIAN,GABLE,LIFE TWISTED,2006,5,CHRISTIANGABLE
CHRISTIAN,GABLE,LORD ARIZONA,2006,1,CHRISTIANGABLE
CHRISTIAN,GABLE,MOD SECRETARY,2006,6,CHRISTIANGABLE
CHRISTIAN,GABLE,PREJUDICE OLEANDER,2006,4,CHRISTIANGABLE
CHRISTIAN,GABLE,PUNK DIVORCE,2006,2,CHRISTIANGABLE
CHRISTIAN,GABLE,REAP UNFAITHFUL,2006,11,CHRISTIANGABLE
CHRISTIAN,GABLE,SHAKESPEARE SADDLE,2006,15,CHRISTIANGABLE
CHRISTIAN,GABLE,TROUBLE DATE,2006,16,CHRISTIANGABLE
CHRISTIAN,GABLE,USUAL UNTOUCHABLES,2006,9,CHRISTIANGABLE
CHRISTIAN,GABLE,VACATION BOONDOCK,2006,14,CHRISTIANGABLE
CHRISTIAN,GABLE,WATERFRONT DELIVERANCE,2006,1,CHRISTIANGABLE
CHRISTIAN,GABLE,WEDDING APOLLO,2006,6,CHRISTIANGABLE
CHRISTIAN,GABLE,WIZARD COLDBLOODED,2006,12,CHRISTIANGABLE
CHRISTIAN,GABLE,WON DARES,2006,12,CHRISTIANGABLE
ZERO,CAGE,CANYON STOCK,2006,2,ZEROCAGE
ZERO,CAGE,DANCES NONE,2006,1,ZEROCAGE
ZERO,CAGE,ENCINO ELF,2006,10,ZEROCAGE
ZERO,CAGE,ENDING CROWDS,2006,13,ZEROCAGE
ZERO,CAGE,GANDHI KWAI,2006,8,ZEROCAGE
ZERO,CAGE,GODFATHER DIARY,2006,13,ZEROCAGE
ZERO,CAGE,HANDICAP BOONDOCK,2006,1,ZEROCAGE
ZERO,CAGE,HONEY TIES,2006,15,ZEROCAGE
ZERO,CAGE,HORN WORKING,2006,2,ZEROCAGE
ZERO,CAGE,IMAGE PRINCESS,2006,15,ZEROCAGE
ZERO,CAGE,JERSEY SASSY,2006,3,ZEROCAGE
ZERO,CAGE,LOSER HUSTLER,2006,15,ZEROCAGE
ZERO,CAGE,MEET CHOCOLATE,2006,9,ZEROCAGE
ZERO,CAGE,MOD SECRETARY,2006,6,ZEROCAGE
ZERO,CAGE,MOONWALKER FOOL,2006,10,ZEROCAGE
ZERO,CAGE,OLEANDER CLUE,2006,12,ZEROCAGE
ZERO,CAGE,RACER EGG,2006,7,ZEROCAGE
ZERO,CAGE,STORY SIDE,2006,1,ZEROCAGE
ZERO,CAGE,STRANGERS GRAFFITI,2006,11,ZEROCAGE
ZERO,CAGE,THIN SAGEBRUSH,2006,6,ZEROCAGE
ZERO,CAGE,TOOTSIE PILOT,2006,3,ZEROCAGE
ZERO,CAGE,UPTOWN YOUNG,2006,3,ZEROCAGE
ZERO,CAGE,VELVET TERMINATOR,2006,5,ZEROCAGE
ZERO,CAGE,WEST LION,2006,7,ZEROCAGE
ZERO,CAGE,WORKER TARZAN,2006,16,ZEROCAGE
KARL,BERRY,ALLEY EVOLUTION,2006,9,KARLBERRY
KARL,BERRY,ALONE TRIP,2006,12,KARLBERRY
KARL,BERRY,ARABIA DOGMA,2006,11,KARLBERRY
KARL,BERRY,ARIZONA BANG,2006,4,KARLBERRY
KARL,BERRY,BOUND CHEAPER,2006,4,KARLBERRY
KARL,BERRY,BOWFINGER GABLES,2006,11,KARLBERRY
KARL,BERRY,BUNCH MINDS,2006,7,KARLBERRY
KARL,BERRY,CLEOPATRA DEVIL,2006,13,KARLBERRY
KARL,BERRY,CONNECTICUT TRAMP,2006,14,KARLBERRY
KARL,BERRY,DARES PLUTO,2006,2,KARLBERRY
KARL,BERRY,DATE SPEED,2006,8,KARLBERRY
KARL,BERRY,DAY UNFAITHFUL,2006,13,KARLBERRY
KARL,BERRY,DOORS PRESIDENT,2006,2,KARLBERRY
KARL,BERRY,FURY MURDER,2006,3,KARLBERRY
KARL,BERRY,HARDLY ROBBERS,2006,6,KARLBERRY
KARL,BERRY,HIGHBALL POTTER,2006,9,KARLBERRY
KARL,BERRY,HOLES BRANNIGAN,2006,15,KARLBERRY
KARL,BERRY,INDEPENDENCE HOTEL,2006,6,KARLBERRY
KARL,BERRY,LEATHERNECKS DWARFS,2006,16,KARLBERRY
KARL,BERRY,LUCKY FLYING,2006,12,KARLBERRY
KARL,BERRY,MONTEREY LABYRINTH,2006,11,KARLBERRY
KARL,BERRY,NOVOCAINE FLIGHT,2006,15,KARLBERRY
KARL,BERRY,OKLAHOMA JUMANJI,2006,13,KARLBERRY
KARL,BERRY,PERFECT GROOVE,2006,5,KARLBERRY
KARL,BERRY,REAP UNFAITHFUL,2006,11,KARLBERRY
KARL,BERRY,REUNION WITCHES,2006,7,KARLBERRY
KARL,BERRY,SMOKING BARBARELLA,2006,6,KARLBERRY
KARL,BERRY,STAGECOACH ARMAGEDDON,2006,1,KARLBERRY
KARL,BERRY,SWEDEN SHINING,2006,5,KARLBERRY
KARL,BERRY,TELEMARK HEARTBREAKERS,2006,2,KARLBERRY
KARL,BERRY,VIRGINIAN PLUTO,2006,6,KARLBERRY
UMA,WOOD,ALONE TRIP,2006,12,UMAWOOD
UMA,WOOD,ANTITRUST TOMATOES,2006,1,UMAWOOD
UMA,WOOD,ATTRACTION NEWTON,2006,13,UMAWOOD
UMA,WOOD,BOONDOCK BALLROOM,2006,16,UMAWOOD
UMA,WOOD,CABIN FLASH,2006,3,UMAWOOD
UMA,WOOD,CHINATOWN GLADIATOR,2006,13,UMAWOOD
UMA,WOOD,CLASH FREDDY,2006,2,UMAWOOD
UMA,WOOD,CLUELESS BUCKET,2006,1,UMAWOOD
UMA,WOOD,DAISY MENAGERIE,2006,14,UMAWOOD
UMA,WOOD,DRIVER ANNIE,2006,15,UMAWOOD
UMA,WOOD,FRIDA SLIPPER,2006,9,UMAWOOD
UMA,WOOD,GALAXY SWEETHEARTS,2006,4,UMAWOOD
UMA,WOOD,GRINCH MASSAGE,2006,10,UMAWOOD
UMA,WOOD,GROUNDHOG UNCUT,2006,5,UMAWOOD
UMA,WOOD,HOMEWARD CIDER,2006,6,UMAWOOD
UMA,WOOD,INCH JET,2006,2,UMAWOOD
UMA,WOOD,LEATHERNECKS DWARFS,2006,16,UMAWOOD
UMA,WOOD,LEGALLY SECRETARY,2006,3,UMAWOOD
UMA,WOOD,LIFE TWISTED,2006,5,UMAWOOD
UMA,WOOD,LION UNCUT,2006,5,UMAWOOD
UMA,WOOD,LOLITA WORLD,2006,8,UMAWOOD
UMA,WOOD,METAL ARMAGEDDON,2006,6,UMAWOOD
UMA,WOOD,MODEL FISH,2006,3,UMAWOOD
UMA,WOOD,MOONWALKER FOOL,2006,10,UMAWOOD
UMA,WOOD,MOTIONS DETAILS,2006,11,UMAWOOD
UMA,WOOD,REBEL AIRPORT,2006,12,UMAWOOD
UMA,WOOD,RIDER CADDYSHACK,2006,15,UMAWOOD
UMA,WOOD,SNOWMAN ROLLERCOASTER,2006,2,UMAWOOD
UMA,WOOD,SOLDIERS EVOLUTION,2006,14,UMAWOOD
UMA,WOOD,SPLASH GUMP,2006,8,UMAWOOD
UMA,WOOD,SPLENDOR PATTON,2006,3,UMAWOOD
UMA,WOOD,STEEL SANTA,2006,4,UMAWOOD
UMA,WOOD,TORQUE BOUND,2006,7,UMAWOOD
UMA,WOOD,WEDDING APOLLO,2006,6,UMAWOOD
UMA,WOOD,ZHIVAGO CORE,2006,11,UMAWOOD
VIVIEN,BERGEN,CLASH FREDDY,2006,2,VIVIENBERGEN
VIVIEN,BERGEN,CRANES RESERVOIR,2006,15,VIVIENBERGEN
VIVIEN,BERGEN,DIRTY ACE,2006,10,VIVIENBERGEN
VIVIEN,BERGEN,DONNIE ALLEY,2006,2,VIVIENBERGEN
VIVIEN,BERGEN,DRIFTER COMMANDMENTS,2006,1,VIVIENBERGEN
VIVIEN,BERGEN,DRIVING POLISH,2006,12,VIVIENBERGEN
VIVIEN,BERGEN,DRUMS DYNAMITE,2006,11,VIVIENBERGEN
VIVIEN,BERGEN,ENEMY ODDS,2006,12,VIVIENBERGEN
VIVIEN,BERGEN,EXCITEMENT EVE,2006,1,VIVIENBERGEN
VIVIEN,BERGEN,GORGEOUS BINGO,2006,3,VIVIENBERGEN
VIVIEN,BERGEN,HIGH ENCINO,2006,11,VIVIENBERGEN
VIVIEN,BERGEN,HILLS NEIGHBORS,2006,1,VIVIENBERGEN
VIVIEN,BERGEN,HOBBIT ALIEN,2006,7,VIVIENBERGEN
VIVIEN,BERGEN,IMPACT ALADDIN,2006,12,VIVIENBERGEN
VIVIEN,BERGEN,ITALIAN AFRICAN,2006,16,VIVIENBERGEN
VIVIEN,BERGEN,JAPANESE RUN,2006,11,VIVIENBERGEN
VIVIEN,BERGEN,KENTUCKIAN GIANT,2006,11,VIVIENBERGEN
VIVIEN,BERGEN,LOVELY JINGLE,2006,4,VIVIENBERGEN
VIVIEN,BERGEN,LOVER TRUMAN,2006,4,VIVIENBERGEN
VIVIEN,BERGEN,MUSSOLINI SPOILERS,2006,15,VIVIENBERGEN
VIVIEN,BERGEN,POLISH BROOKLYN,2006,3,VIVIENBERGEN
VIVIEN,BERGEN,SALUTE APOLLO,2006,13,VIVIENBERGEN
VIVIEN,BERGEN,SATURDAY LAMBS,2006,15,VIVIENBERGEN
VIVIEN,BERGEN,STOCK GLASS,2006,13,VIVIENBERGEN
VIVIEN,BERGEN,STREETCAR INTENTIONS,2006,11,VIVIENBERGEN
VIVIEN,BERGEN,TIGHTS DAWN,2006,15,VIVIENBERGEN
VIVIEN,BERGEN,TRAP GUYS,2006,9,VIVIENBERGEN
VIVIEN,BERGEN,TYCOON GATHERING,2006,10,VIVIENBERGEN
VIVIEN,BERGEN,VOICE PEACH,2006,13,VIVIENBERGEN
VIVIEN,BERGEN,WESTWARD SEABISCUIT,2006,4,VIVIENBERGEN
CUBA,OLIVIER,APACHE DIVINE,2006,8,CUBAOLIVIER
CUBA,OLIVIER,BORROWERS BEDAZZLED,2006,2,CUBAOLIVIER
CUBA,OLIVIER,BOUND CHEAPER,2006,4,CUBAOLIVIER
CUBA,OLIVIER,BUTCH PANTHER,2006,13,CUBAOLIVIER
CUBA,OLIVIER,CASSIDY WYOMING,2006,16,CUBAOLIVIER
CUBA,OLIVIER,DIVINE RESURRECTION,2006,10,CUBAOLIVIER
CUBA,OLIVIER,EGYPT TENENBAUMS,2006,11,CUBAOLIVIER
CUBA,OLIVIER,EMPIRE MALKOVICH,2006,3,CUBAOLIVIER
CUBA,OLIVIER,FLYING HOOK,2006,2,CUBAOLIVIER
CUBA,OLIVIER,FUGITIVE MAGUIRE,2006,16,CUBAOLIVIER
CUBA,OLIVIER,HELLFIGHTERS SIERRA,2006,9,CUBAOLIVIER
CUBA,OLIVIER,HYDE DOCTOR,2006,4,CUBAOLIVIER
CUBA,OLIVIER,KISS GLORY,2006,9,CUBAOLIVIER
CUBA,OLIVIER,KNOCK WARLOCK,2006,5,CUBAOLIVIER
CUBA,OLIVIER,LUKE MUMMY,2006,2,CUBAOLIVIER
CUBA,OLIVIER,MAKER GABLES,2006,3,CUBAOLIVIER
CUBA,OLIVIER,MONTEZUMA COMMAND,2006,1,CUBAOLIVIER
CUBA,OLIVIER,NOON PAPI,2006,3,CUBAOLIVIER
CUBA,OLIVIER,OKLAHOMA JUMANJI,2006,13,CUBAOLIVIER
CUBA,OLIVIER,ROSES TREASURE,2006,15,CUBAOLIVIER
CUBA,OLIVIER,SHANE DARKNESS,2006,16,CUBAOLIVIER
CUBA,OLIVIER,SIEGE MADRE,2006,8,CUBAOLIVIER
CUBA,OLIVIER,SOLDIERS EVOLUTION,2006,14,CUBAOLIVIER
CUBA,OLIVIER,THEORY MERMAID,2006,2,CUBAOLIVIER
CUBA,OLIVIER,UNFORGIVEN ZOOLANDER,2006,14,CUBAOLIVIER
CUBA,OLIVIER,VOLCANO TEXAS,2006,10,CUBAOLIVIER
CUBA,OLIVIER,WEREWOLF LOLA,2006,1,CUBAOLIVIER
CUBA,OLIVIER,WONDERLAND CHRISTMAS,2006,14,CUBAOLIVIER
FRED,COSTNER,BLANKET BEVERLY,2006,8,FREDCOSTNER
FRED,COSTNER,BOONDOCK BALLROOM,2006,16,FREDCOSTNER
FRED,COSTNER,BROTHERHOOD BLANKET,2006,6,FREDCOSTNER
FRED,COSTNER,CAROL TEXAS,2006,2,FREDCOSTNER
FRED,COSTNER,CLEOPATRA DEVIL,2006,13,FREDCOSTNER
FRED,COSTNER,CONNECTICUT TRAMP,2006,14,FREDCOSTNER
FRED,COSTNER,DECEIVER BETRAYED,2006,7,FREDCOSTNER
FRED,COSTNER,DELIVERANCE MULHOLLAND,2006,6,FREDCOSTNER
FRED,COSTNER,EAGLES PANKY,2006,13,FREDCOSTNER
FRED,COSTNER,EARRING INSTINCT,2006,8,FREDCOSTNER
FRED,COSTNER,EASY GLADIATOR,2006,1,FREDCOSTNER
FRED,COSTNER,EMPIRE MALKOVICH,2006,3,FREDCOSTNER
FRED,COSTNER,ENTRAPMENT SATISFACTION,2006,1,FREDCOSTNER
FRED,COSTNER,GABLES METROPOLIS,2006,8,FREDCOSTNER
FRED,COSTNER,HUMAN GRAFFITI,2006,10,FREDCOSTNER
FRED,COSTNER,IMAGE PRINCESS,2006,15,FREDCOSTNER
FRED,COSTNER,IMPOSSIBLE PREJUDICE,2006,9,FREDCOSTNER
FRED,COSTNER,INCH JET,2006,2,FREDCOSTNER
FRED,COSTNER,KRAMER CHOCOLATE,2006,15,FREDCOSTNER
FRED,COSTNER,MAGNIFICENT CHITTY,2006,4,FREDCOSTNER
FRED,COSTNER,MIRACLE VIRTUAL,2006,2,FREDCOSTNER
FRED,COSTNER,MISSION ZOOLANDER,2006,2,FREDCOSTNER
FRED,COSTNER,REAR TRADING,2006,1,FREDCOSTNER
FRED,COSTNER,SAINTS BRIDE,2006,7,FREDCOSTNER
FRED,COSTNER,SENSE GREEK,2006,15,FREDCOSTNER
FRED,COSTNER,THEORY MERMAID,2006,2,FREDCOSTNER
FRED,COSTNER,WEEKEND PERSONAL,2006,14,FREDCOSTNER
HELEN,VOIGHT,BREAKING HOME,2006,13,HELENVOIGHT
HELEN,VOIGHT,CAPER MOTIONS,2006,5,HELENVOIGHT
HELEN,VOIGHT,CASPER DRAGONFLY,2006,3,HELENVOIGHT
HELEN,VOIGHT,CAT CONEHEADS,2006,5,HELENVOIGHT
HELEN,VOIGHT,CLASH FREDDY,2006,2,HELENVOIGHT
HELEN,VOIGHT,CUPBOARD SINNERS,2006,6,HELENVOIGHT
HELEN,VOIGHT,CYCLONE FAMILY,2006,9,HELENVOIGHT
HELEN,VOIGHT,DIVINE RESURRECTION,2006,10,HELENVOIGHT
HELEN,VOIGHT,EMPIRE MALKOVICH,2006,3,HELENVOIGHT
HELEN,VOIGHT,FEVER EMPIRE,2006,10,HELENVOIGHT
HELEN,VOIGHT,FIDELITY DEVIL,2006,11,HELENVOIGHT
HELEN,VOIGHT,GREATEST NORTH,2006,12,HELENVOIGHT
HELEN,VOIGHT,INDEPENDENCE HOTEL,2006,6,HELENVOIGHT
HELEN,VOIGHT,IRON MOON,2006,4,HELENVOIGHT
HELEN,VOIGHT,JAWS HARRY,2006,5,HELENVOIGHT
HELEN,VOIGHT,KISS GLORY,2006,9,HELENVOIGHT
HELEN,VOIGHT,LEGALLY SECRETARY,2006,3,HELENVOIGHT
HELEN,VOIGHT,LIES TREATMENT,2006,7,HELENVOIGHT
HELEN,VOIGHT,MICROCOSMOS PARADISE,2006,3,HELENVOIGHT
HELEN,VOIGHT,MOVIE SHAKESPEARE,2006,8,HELENVOIGHT
HELEN,VOIGHT,MUMMY CREATURES,2006,15,HELENVOIGHT
HELEN,VOIGHT,ROAD ROXANNE,2006,6,HELENVOIGHT
HELEN,VOIGHT,SCISSORHANDS SLUMS,2006,9,HELENVOIGHT
HELEN,VOIGHT,SIDE ARK,2006,1,HELENVOIGHT
HELEN,VOIGHT,SINNERS ATLANTIS,2006,11,HELENVOIGHT
HELEN,VOIGHT,STRANGER STRANGERS,2006,3,HELENVOIGHT
HELEN,VOIGHT,SWEETHEARTS SUSPECTS,2006,3,HELENVOIGHT
HELEN,VOIGHT,TADPOLE PARK,2006,4,HELENVOIGHT
HELEN,VOIGHT,TELEMARK HEARTBREAKERS,2006,2,HELENVOIGHT
HELEN,VOIGHT,VOICE PEACH,2006,13,HELENVOIGHT
HELEN,VOIGHT,WAR NOTTING,2006,9,HELENVOIGHT
HELEN,VOIGHT,WARLOCK WEREWOLF,2006,3,HELENVOIGHT
DAN,TORN,ATTACKS HATE,2006,14,DANTORN
DAN,TORN,BOILED DARES,2006,16,DANTORN
DAN,TORN,CHINATOWN GLADIATOR,2006,13,DANTORN
DAN,TORN,CONEHEADS SMOOCHY,2006,7,DANTORN
DAN,TORN,EARLY HOME,2006,2,DANTORN
DAN,TORN,ELIZABETH SHANE,2006,15,DANTORN
DAN,TORN,EMPIRE MALKOVICH,2006,3,DANTORN
DAN,TORN,FLASH WARS,2006,13,DANTORN
DAN,TORN,GUMP DATE,2006,16,DANTORN
DAN,TORN,INNOCENT USUAL,2006,9,DANTORN
DAN,TORN,INSIDER ARIZONA,2006,12,DANTORN
DAN,TORN,JERK PAYCHECK,2006,4,DANTORN
DAN,TORN,LOVELY JINGLE,2006,4,DANTORN
DAN,TORN,MASK PEACH,2006,13,DANTORN
DAN,TORN,MUSSOLINI SPOILERS,2006,15,DANTORN
DAN,TORN,REAR TRADING,2006,1,DANTORN
DAN,TORN,SLING LUKE,2006,4,DANTORN
DAN,TORN,STATE WASTELAND,2006,10,DANTORN
DAN,TORN,SUN CONFESSIONS,2006,14,DANTORN
DAN,TORN,TEQUILA PAST,2006,3,DANTORN
DAN,TORN,TUXEDO MILE,2006,15,DANTORN
DAN,TORN,VIRGIN DAISY,2006,7,DANTORN
BOB,FAWCETT,ACE GOLDFINGER,2006,11,BOBFAWCETT
BOB,FAWCETT,ADAPTATION HOLES,2006,6,BOBFAWCETT
BOB,FAWCETT,CHINATOWN GLADIATOR,2006,13,BOBFAWCETT
BOB,FAWCETT,CIRCUS YOUTH,2006,3,BOBFAWCETT
BOB,FAWCETT,CONTROL ANTHEM,2006,5,BOBFAWCETT
BOB,FAWCETT,DARES PLUTO,2006,2,BOBFAWCETT
BOB,FAWCETT,DARN FORRESTER,2006,1,BOBFAWCETT
BOB,FAWCETT,DAZED PUNK,2006,10,BOBFAWCETT
BOB,FAWCETT,DYNAMITE TARZAN,2006,4,BOBFAWCETT
BOB,FAWCETT,HATE HANDICAP,2006,5,BOBFAWCETT
BOB,FAWCETT,HOMICIDE PEACH,2006,8,BOBFAWCETT
BOB,FAWCETT,JACKET FRISCO,2006,7,BOBFAWCETT
BOB,FAWCETT,JUMANJI BLADE,2006,13,BOBFAWCETT
BOB,FAWCETT,LAWLESS VISION,2006,2,BOBFAWCETT
BOB,FAWCETT,LEATHERNECKS DWARFS,2006,16,BOBFAWCETT
BOB,FAWCETT,OSCAR GOLD,2006,2,BOBFAWCETT
BOB,FAWCETT,PELICAN COMFORTS,2006,6,BOBFAWCETT
BOB,FAWCETT,PERSONAL LADYBUGS,2006,12,BOBFAWCETT
BOB,FAWCETT,RAGING AIRPLANE,2006,14,BOBFAWCETT
BOB,FAWCETT,RUN PACIFIC,2006,13,BOBFAWCETT
BOB,FAWCETT,RUNNER MADIGAN,2006,12,BOBFAWCETT
BOB,FAWCETT,SADDLE ANTITRUST,2006,5,BOBFAWCETT
BOB,FAWCETT,SCORPION APOLLO,2006,7,BOBFAWCETT
BOB,FAWCETT,SHAWSHANK BUBBLE,2006,16,BOBFAWCETT
BOB,FAWCETT,TAXI KICK,2006,12,BOBFAWCETT
LUCILLE,TRACY,ACADEMY DINOSAUR,2006,6,LUCILLETRACY
LUCILLE,TRACY,BANGER PINOCCHIO,2006,12,LUCILLETRACY
LUCILLE,TRACY,BEDAZZLED MARRIED,2006,8,LUCILLETRACY
LUCILLE,TRACY,CHEAPER CLYDE,2006,14,LUCILLETRACY
LUCILLE,TRACY,CHITTY LOCK,2006,7,LUCILLETRACY
LUCILLE,TRACY,COLDBLOODED DARLING,2006,14,LUCILLETRACY
LUCILLE,TRACY,DINOSAUR SECRETARY,2006,8,LUCILLETRACY
LUCILLE,TRACY,DOORS PRESIDENT,2006,2,LUCILLETRACY
LUCILLE,TRACY,EARRING INSTINCT,2006,8,LUCILLETRACY
LUCILLE,TRACY,EGG IGBY,2006,6,LUCILLETRACY
LUCILLE,TRACY,GANDHI KWAI,2006,8,LUCILLETRACY
LUCILLE,TRACY,GOLDFINGER SENSIBILITY,2006,7,LUCILLETRACY
LUCILLE,TRACY,HYDE DOCTOR,2006,4,LUCILLETRACY
LUCILLE,TRACY,JAWS HARRY,2006,5,LUCILLETRACY
LUCILLE,TRACY,JUNGLE CLOSER,2006,13,LUCILLETRACY
LUCILLE,TRACY,KING EVOLUTION,2006,8,LUCILLETRACY
LUCILLE,TRACY,LOLA AGENT,2006,11,LUCILLETRACY
LUCILLE,TRACY,LOSE INCH,2006,9,LUCILLETRACY
LUCILLE,TRACY,LOVERBOY ATTACKS,2006,13,LUCILLETRACY
LUCILLE,TRACY,MODERN DORADO,2006,6,LUCILLETRACY
LUCILLE,TRACY,ORIENT CLOSER,2006,7,LUCILLETRACY
LUCILLE,TRACY,PAJAMA JAWBREAKER,2006,4,LUCILLETRACY
LUCILLE,TRACY,PATIENT SISTER,2006,4,LUCILLETRACY
LUCILLE,TRACY,RANDOM GO,2006,14,LUCILLETRACY
LUCILLE,TRACY,REAR TRADING,2006,1,LUCILLETRACY
LUCILLE,TRACY,SAGEBRUSH CLUELESS,2006,6,LUCILLETRACY
LUCILLE,TRACY,SHANGHAI TYCOON,2006,16,LUCILLETRACY
LUCILLE,TRACY,SUN CONFESSIONS,2006,14,LUCILLETRACY
LUCILLE,TRACY,WASTELAND DIVINE,2006,4,LUCILLETRACY
LUCILLE,TRACY,WINDOW SIDE,2006,16,LUCILLETRACY
KIRSTEN,PALTROW,AGENT TRUMAN,2006,9,KIRSTENPALTROW
KIRSTEN,PALTROW,BOONDOCK BALLROOM,2006,16,KIRSTENPALTROW
KIRSTEN,PALTROW,BORN SPINAL,2006,16,KIRSTENPALTROW
KIRSTEN,PALTROW,CHICKEN HELLFIGHTERS,2006,6,KIRSTENPALTROW
KIRSTEN,PALTROW,CLOSER BANG,2006,5,KIRSTENPALTROW
KIRSTEN,PALTROW,CONQUERER NUTS,2006,7,KIRSTENPALTROW
KIRSTEN,PALTROW,DRIFTER COMMANDMENTS,2006,1,KIRSTENPALTROW
KIRSTEN,PALTROW,ENCINO ELF,2006,10,KIRSTENPALTROW
KIRSTEN,PALTROW,FLASH WARS,2006,13,KIRSTENPALTROW
KIRSTEN,PALTROW,HANOVER GALAXY,2006,12,KIRSTENPALTROW
KIRSTEN,PALTROW,HOME PITY,2006,12,KIRSTENPALTROW
KIRSTEN,PALTROW,HONEY TIES,2006,15,KIRSTENPALTROW
KIRSTEN,PALTROW,KILL BROTHERHOOD,2006,6,KIRSTENPALTROW
KIRSTEN,PALTROW,LADYBUGS ARMAGEDDON,2006,10,KIRSTENPALTROW
KIRSTEN,PALTROW,LORD ARIZONA,2006,1,KIRSTENPALTROW
KIRSTEN,PALTROW,PINOCCHIO SIMON,2006,5,KIRSTENPALTROW
KIRSTEN,PALTROW,PLUTO OLEANDER,2006,13,KIRSTENPALTROW
KIRSTEN,PALTROW,PRIX UNDEFEATED,2006,8,KIRSTENPALTROW
KIRSTEN,PALTROW,PULP BEVERLY,2006,11,KIRSTENPALTROW
KIRSTEN,PALTROW,RIVER OUTLAW,2006,15,KIRSTENPALTROW
KIRSTEN,PALTROW,ROAD ROXANNE,2006,6,KIRSTENPALTROW
KIRSTEN,PALTROW,SILVERADO GOLDFINGER,2006,14,KIRSTENPALTROW
KIRSTEN,PALTROW,SLEEPING SUSPECTS,2006,11,KIRSTENPALTROW
KIRSTEN,PALTROW,THIEF PELICAN,2006,2,KIRSTENPALTROW
KIRSTEN,PALTROW,TITANS JERK,2006,14,KIRSTENPALTROW
KIRSTEN,PALTROW,UNBREAKABLE KARATE,2006,13,KIRSTENPALTROW
KIRSTEN,PALTROW,WON DARES,2006,12,KIRSTENPALTROW
ELVIS,MARX,ALABAMA DEVIL,2006,11,ELVISMARX
ELVIS,MARX,ANACONDA CONFESSIONS,2006,2,ELVISMARX
ELVIS,MARX,BAREFOOT MANCHURIAN,2006,1,ELVISMARX
ELVIS,MARX,BORROWERS BEDAZZLED,2006,2,ELVISMARX
ELVIS,MARX,CADDYSHACK JEDI,2006,1,ELVISMARX
ELVIS,MARX,CHITTY LOCK,2006,7,ELVISMARX
ELVIS,MARX,EVOLUTION ALTER,2006,15,ELVISMARX
ELVIS,MARX,EXPECATIONS NATURAL,2006,16,ELVISMARX
ELVIS,MARX,GANGS PRIDE,2006,2,ELVISMARX
ELVIS,MARX,GOODFELLAS SALUTE,2006,14,ELVISMARX
ELVIS,MARX,HOBBIT ALIEN,2006,7,ELVISMARX
ELVIS,MARX,HOOK CHARIOTS,2006,2,ELVISMARX
ELVIS,MARX,JERICHO MULAN,2006,10,ELVISMARX
ELVIS,MARX,JUMPING WRATH,2006,3,ELVISMARX
ELVIS,MARX,KENTUCKIAN GIANT,2006,11,ELVISMARX
ELVIS,MARX,LOVELY JINGLE,2006,4,ELVISMARX
ELVIS,MARX,MOTIONS DETAILS,2006,11,ELVISMARX
ELVIS,MARX,ODDS BOOGIE,2006,8,ELVISMARX
ELVIS,MARX,OUTLAW HANKY,2006,16,ELVISMARX
ELVIS,MARX,POLISH BROOKLYN,2006,3,ELVISMARX
ELVIS,MARX,RIGHT CRANES,2006,4,ELVISMARX
ELVIS,MARX,ROOF CHAMPION,2006,10,ELVISMARX
ELVIS,MARX,SEATTLE EXPECATIONS,2006,7,ELVISMARX
ELVIS,MARX,SKY MIRACLE,2006,1,ELVISMARX
ELVIS,MARX,TROJAN TOMORROW,2006,14,ELVISMARX
ELVIS,MARX,WATERFRONT DELIVERANCE,2006,1,ELVISMARX
SANDRA,KILMER,AGENT TRUMAN,2006,9,SANDRAKILMER
SANDRA,KILMER,ARTIST COLDBLOODED,2006,15,SANDRAKILMER
SANDRA,KILMER,BLACKOUT PRIVATE,2006,2,SANDRAKILMER
SANDRA,KILMER,BULL SHAWSHANK,2006,1,SANDRAKILMER
SANDRA,KILMER,CANDIDATE PERDITION,2006,4,SANDRAKILMER
SANDRA,KILMER,CANDLES GRAPES,2006,10,SANDRAKILMER
SANDRA,KILMER,CASSIDY WYOMING,2006,16,SANDRAKILMER
SANDRA,KILMER,DARN FORRESTER,2006,1,SANDRAKILMER
SANDRA,KILMER,DESTINY SATURDAY,2006,13,SANDRAKILMER
SANDRA,KILMER,DIVIDE MONSTER,2006,14,SANDRAKILMER
SANDRA,KILMER,DRIVER ANNIE,2006,15,SANDRAKILMER
SANDRA,KILMER,GOLDMINE TYCOON,2006,14,SANDRAKILMER
SANDRA,KILMER,GORGEOUS BINGO,2006,3,SANDRAKILMER
SANDRA,KILMER,HELLFIGHTERS SIERRA,2006,9,SANDRAKILMER
SANDRA,KILMER,HOCUS FRIDA,2006,8,SANDRAKILMER
SANDRA,KILMER,HOTEL HAPPINESS,2006,9,SANDRAKILMER
SANDRA,KILMER,IDENTITY LOVER,2006,14,SANDRAKILMER
SANDRA,KILMER,JUMPING WRATH,2006,3,SANDRAKILMER
SANDRA,KILMER,LOVELY JINGLE,2006,4,SANDRAKILMER
SANDRA,KILMER,MAGNOLIA FORRESTER,2006,1,SANDRAKILMER
SANDRA,KILMER,OLEANDER CLUE,2006,12,SANDRAKILMER
SANDRA,KILMER,OZ LIAISONS,2006,2,SANDRAKILMER
SANDRA,KILMER,PERSONAL LADYBUGS,2006,12,SANDRAKILMER
SANDRA,KILMER,POSEIDON FOREVER,2006,15,SANDRAKILMER
SANDRA,KILMER,SAVANNAH TOWN,2006,7,SANDRAKILMER
SANDRA,KILMER,SHAKESPEARE SADDLE,2006,15,SANDRAKILMER
SANDRA,KILMER,SLEEPING SUSPECTS,2006,11,SANDRAKILMER
SANDRA,KILMER,SONS INTERVIEW,2006,2,SANDRAKILMER
SANDRA,KILMER,SPEED SUIT,2006,16,SANDRAKILMER
SANDRA,KILMER,SPLENDOR PATTON,2006,3,SANDRAKILMER
SANDRA,KILMER,STATE WASTELAND,2006,10,SANDRAKILMER
SANDRA,KILMER,STRANGER STRANGERS,2006,3,SANDRAKILMER
SANDRA,KILMER,STREAK RIDGEMONT,2006,6,SANDRAKILMER
SANDRA,KILMER,STREETCAR INTENTIONS,2006,11,SANDRAKILMER
SANDRA,KILMER,VANISHED GARDEN,2006,13,SANDRAKILMER
SANDRA,KILMER,WOLVES DESIRE,2006,16,SANDRAKILMER
SANDRA,KILMER,YOUTH KICK,2006,12,SANDRAKILMER
CAMERON,STREEP,ADAPTATION HOLES,2006,6,CAMERONSTREEP
CAMERON,STREEP,BLUES INSTINCT,2006,8,CAMERONSTREEP
CAMERON,STREEP,CALENDAR GUNFIGHT,2006,9,CAMERONSTREEP
CAMERON,STREEP,CASUALTIES ENCINO,2006,1,CAMERONSTREEP
CAMERON,STREEP,CHOCOLATE DUCK,2006,9,CAMERONSTREEP
CAMERON,STREEP,COAST RAINBOW,2006,6,CAMERONSTREEP
CAMERON,STREEP,CONNECTION MICROCOSMOS,2006,5,CAMERONSTREEP
CAMERON,STREEP,CROW GREASE,2006,1,CAMERONSTREEP
CAMERON,STREEP,CUPBOARD SINNERS,2006,6,CAMERONSTREEP
CAMERON,STREEP,DOOM DANCING,2006,5,CAMERONSTREEP
CAMERON,STREEP,DROP WATERFRONT,2006,15,CAMERONSTREEP
CAMERON,STREEP,ELEPHANT TROJAN,2006,11,CAMERONSTREEP
CAMERON,STREEP,FREEDOM CLEOPATRA,2006,5,CAMERONSTREEP
CAMERON,STREEP,HAUNTED ANTITRUST,2006,16,CAMERONSTREEP
CAMERON,STREEP,INSTINCT AIRPORT,2006,15,CAMERONSTREEP
CAMERON,STREEP,LEGALLY SECRETARY,2006,3,CAMERONSTREEP
CAMERON,STREEP,MOB DUFFEL,2006,7,CAMERONSTREEP
CAMERON,STREEP,MOVIE SHAKESPEARE,2006,8,CAMERONSTREEP
CAMERON,STREEP,PANIC CLUB,2006,11,CAMERONSTREEP
CAMERON,STREEP,PURE RUNNER,2006,5,CAMERONSTREEP
CAMERON,STREEP,SEVEN SWARM,2006,10,CAMERONSTREEP
CAMERON,STREEP,SPINAL ROCKY,2006,8,CAMERONSTREEP
CAMERON,STREEP,SPLASH GUMP,2006,8,CAMERONSTREEP
CAMERON,STREEP,WEST LION,2006,7,CAMERONSTREEP
KEVIN,BLOOM,AMERICAN CIRCUS,2006,1,KEVINBLOOM
KEVIN,BLOOM,BOOGIE AMELIE,2006,12,KEVINBLOOM
KEVIN,BLOOM,CITIZEN SHREK,2006,14,KEVINBLOOM
KEVIN,BLOOM,CONQUERER NUTS,2006,7,KEVINBLOOM
KEVIN,BLOOM,DALMATIONS SWEDEN,2006,7,KEVINBLOOM
KEVIN,BLOOM,DATE SPEED,2006,8,KEVINBLOOM
KEVIN,BLOOM,DESTINY SATURDAY,2006,13,KEVINBLOOM
KEVIN,BLOOM,DOUBLE WRATH,2006,2,KEVINBLOOM
KEVIN,BLOOM,FICTION CHRISTMAS,2006,9,KEVINBLOOM
KEVIN,BLOOM,HATE HANDICAP,2006,5,KEVINBLOOM
KEVIN,BLOOM,HEAVENLY GUN,2006,12,KEVINBLOOM
KEVIN,BLOOM,HOLES BRANNIGAN,2006,15,KEVINBLOOM
KEVIN,BLOOM,LOVERBOY ATTACKS,2006,13,KEVINBLOOM
KEVIN,BLOOM,MASSAGE IMAGE,2006,2,KEVINBLOOM
KEVIN,BLOOM,MISSION ZOOLANDER,2006,2,KEVINBLOOM
KEVIN,BLOOM,MUMMY CREATURES,2006,15,KEVINBLOOM
KEVIN,BLOOM,POLISH BROOKLYN,2006,3,KEVINBLOOM
KEVIN,BLOOM,PRIMARY GLASS,2006,1,KEVINBLOOM
KEVIN,BLOOM,SABRINA MIDNIGHT,2006,3,KEVINBLOOM
KEVIN,BLOOM,SWEDEN SHINING,2006,5,KEVINBLOOM
KEVIN,BLOOM,TROUBLE DATE,2006,16,KEVINBLOOM
RIP,CRAWFORD,ALABAMA DEVIL,2006,11,RIPCRAWFORD
RIP,CRAWFORD,AMERICAN CIRCUS,2006,1,RIPCRAWFORD
RIP,CRAWFORD,ARABIA DOGMA,2006,11,RIPCRAWFORD
RIP,CRAWFORD,BOULEVARD MOB,2006,13,RIPCRAWFORD
RIP,CRAWFORD,BRANNIGAN SUNRISE,2006,13,RIPCRAWFORD
RIP,CRAWFORD,BUCKET BROTHERHOOD,2006,16,RIPCRAWFORD
RIP,CRAWFORD,CHOCOLAT HARRY,2006,8,RIPCRAWFORD
RIP,CRAWFORD,CRAFT OUTFIELD,2006,7,RIPCRAWFORD
RIP,CRAWFORD,CYCLONE FAMILY,2006,9,RIPCRAWFORD
RIP,CRAWFORD,DESTINATION JERK,2006,7,RIPCRAWFORD
RIP,CRAWFORD,DONNIE ALLEY,2006,2,RIPCRAWFORD
RIP,CRAWFORD,FOOL MOCKINGBIRD,2006,1,RIPCRAWFORD
RIP,CRAWFORD,FORREST SONS,2006,1,RIPCRAWFORD
RIP,CRAWFORD,FRONTIER CABIN,2006,13,RIPCRAWFORD
RIP,CRAWFORD,GABLES METROPOLIS,2006,8,RIPCRAWFORD
RIP,CRAWFORD,GUYS FALCON,2006,14,RIPCRAWFORD
RIP,CRAWFORD,HALL CASSIDY,2006,3,RIPCRAWFORD
RIP,CRAWFORD,LONELY ELEPHANT,2006,5,RIPCRAWFORD
RIP,CRAWFORD,MADISON TRAP,2006,6,RIPCRAWFORD
RIP,CRAWFORD,MASSAGE IMAGE,2006,2,RIPCRAWFORD
RIP,CRAWFORD,OKLAHOMA JUMANJI,2006,13,RIPCRAWFORD
RIP,CRAWFORD,OSCAR GOLD,2006,2,RIPCRAWFORD
RIP,CRAWFORD,PITTSBURGH HUNCHBACK,2006,8,RIPCRAWFORD
RIP,CRAWFORD,POLISH BROOKLYN,2006,3,RIPCRAWFORD
RIP,CRAWFORD,RANGE MOONWALKER,2006,8,RIPCRAWFORD
RIP,CRAWFORD,RINGS HEARTBREAKERS,2006,1,RIPCRAWFORD
RIP,CRAWFORD,SAINTS BRIDE,2006,7,RIPCRAWFORD
RIP,CRAWFORD,SATURDAY LAMBS,2006,15,RIPCRAWFORD
RIP,CRAWFORD,SIEGE MADRE,2006,8,RIPCRAWFORD
RIP,CRAWFORD,SORORITY QUEEN,2006,9,RIPCRAWFORD
RIP,CRAWFORD,TEXAS WATCH,2006,11,RIPCRAWFORD
RIP,CRAWFORD,TRAIN BUNCH,2006,11,RIPCRAWFORD
RIP,CRAWFORD,TRAMP OTHERS,2006,5,RIPCRAWFORD
JULIA,MCQUEEN,AMADEUS HOLY,2006,1,JULIAMCQUEEN
JULIA,MCQUEEN,ARABIA DOGMA,2006,11,JULIAMCQUEEN
JULIA,MCQUEEN,BONNIE HOLOCAUST,2006,6,JULIAMCQUEEN
JULIA,MCQUEEN,CIDER DESIRE,2006,6,JULIAMCQUEEN
JULIA,MCQUEEN,CONEHEADS SMOOCHY,2006,7,JULIAMCQUEEN
JULIA,MCQUEEN,EFFECT GLADIATOR,2006,8,JULIAMCQUEEN
JULIA,MCQUEEN,FREDDY STORM,2006,11,JULIAMCQUEEN
JULIA,MCQUEEN,GAMES BOWFINGER,2006,16,JULIAMCQUEEN
JULIA,MCQUEEN,GLADIATOR WESTWARD,2006,8,JULIAMCQUEEN
JULIA,MCQUEEN,HANOVER GALAXY,2006,12,JULIAMCQUEEN
JULIA,MCQUEEN,HIGH ENCINO,2006,11,JULIAMCQUEEN
JULIA,MCQUEEN,INSIDER ARIZONA,2006,12,JULIAMCQUEEN
JULIA,MCQUEEN,JAWBREAKER BROOKLYN,2006,12,JULIAMCQUEEN
JULIA,MCQUEEN,KISS GLORY,2006,9,JULIAMCQUEEN
JULIA,MCQUEEN,KRAMER CHOCOLATE,2006,15,JULIAMCQUEEN
JULIA,MCQUEEN,LUCKY FLYING,2006,12,JULIAMCQUEEN
JULIA,MCQUEEN,MOCKINGBIRD HOLLYWOOD,2006,1,JULIAMCQUEEN
JULIA,MCQUEEN,MONTEREY LABYRINTH,2006,11,JULIAMCQUEEN
JULIA,MCQUEEN,OPEN AFRICAN,2006,14,JULIAMCQUEEN
JULIA,MCQUEEN,PILOT HOOSIERS,2006,8,JULIAMCQUEEN
JULIA,MCQUEEN,PITTSBURGH HUNCHBACK,2006,8,JULIAMCQUEEN
JULIA,MCQUEEN,PRESIDENT BANG,2006,8,JULIAMCQUEEN
JULIA,MCQUEEN,SCORPION APOLLO,2006,7,JULIAMCQUEEN
JULIA,MCQUEEN,SLEEPLESS MONSOON,2006,2,JULIAMCQUEEN
JULIA,MCQUEEN,SPIRIT FLINTSTONES,2006,11,JULIAMCQUEEN
JULIA,MCQUEEN,STRANGERS GRAFFITI,2006,11,JULIAMCQUEEN
JULIA,MCQUEEN,SWEETHEARTS SUSPECTS,2006,3,JULIAMCQUEEN
JULIA,MCQUEEN,TELEMARK HEARTBREAKERS,2006,2,JULIAMCQUEEN
JULIA,MCQUEEN,TIES HUNGER,2006,3,JULIAMCQUEEN
JULIA,MCQUEEN,TRAIN BUNCH,2006,11,JULIAMCQUEEN
JULIA,MCQUEEN,WEEKEND PERSONAL,2006,14,JULIAMCQUEEN
JULIA,MCQUEEN,WONKA SEA,2006,2,JULIAMCQUEEN
JULIA,MCQUEEN,YOUNG LANGUAGE,2006,6,JULIAMCQUEEN
WOODY,HOFFMAN,ALICE FANTASIA,2006,4,WOODYHOFFMAN
WOODY,HOFFMAN,ATLANTIS CAUSE,2006,8,WOODYHOFFMAN
WOODY,HOFFMAN,BEACH HEARTBREAKERS,2006,6,WOODYHOFFMAN
WOODY,HOFFMAN,BIRCH ANTITRUST,2006,12,WOODYHOFFMAN
WOODY,HOFFMAN,BREAKING HOME,2006,13,WOODYHOFFMAN
WOODY,HOFFMAN,BUNCH MINDS,2006,7,WOODYHOFFMAN
WOODY,HOFFMAN,DUCK RACER,2006,2,WOODYHOFFMAN
WOODY,HOFFMAN,DURHAM PANKY,2006,15,WOODYHOFFMAN
WOODY,HOFFMAN,ENTRAPMENT SATISFACTION,2006,1,WOODYHOFFMAN
WOODY,HOFFMAN,GILMORE BOILED,2006,4,WOODYHOFFMAN
WOODY,HOFFMAN,KNOCK WARLOCK,2006,5,WOODYHOFFMAN
WOODY,HOFFMAN,LAMBS CINCINATTI,2006,10,WOODYHOFFMAN
WOODY,HOFFMAN,LOSER HUSTLER,2006,15,WOODYHOFFMAN
WOODY,HOFFMAN,MAIDEN HOME,2006,13,WOODYHOFFMAN
WOODY,HOFFMAN,MIDNIGHT WESTWARD,2006,1,WOODYHOFFMAN
WOODY,HOFFMAN,MOONWALKER FOOL,2006,10,WOODYHOFFMAN
WOODY,HOFFMAN,NEIGHBORS CHARADE,2006,15,WOODYHOFFMAN
WOODY,HOFFMAN,NONE SPIKING,2006,14,WOODYHOFFMAN
WOODY,HOFFMAN,PAJAMA JAWBREAKER,2006,4,WOODYHOFFMAN
WOODY,HOFFMAN,PILOT HOOSIERS,2006,8,WOODYHOFFMAN
WOODY,HOFFMAN,ROOM ROMAN,2006,2,WOODYHOFFMAN
WOODY,HOFFMAN,SHOOTIST SUPERFLY,2006,7,WOODYHOFFMAN
WOODY,HOFFMAN,SHRUNK DIVINE,2006,1,WOODYHOFFMAN
WOODY,HOFFMAN,SNOWMAN ROLLERCOASTER,2006,2,WOODYHOFFMAN
WOODY,HOFFMAN,SPICE SORORITY,2006,7,WOODYHOFFMAN
WOODY,HOFFMAN,SPY MILE,2006,10,WOODYHOFFMAN
WOODY,HOFFMAN,TELEGRAPH VOYAGE,2006,12,WOODYHOFFMAN
WOODY,HOFFMAN,TRAP GUYS,2006,9,WOODYHOFFMAN
WOODY,HOFFMAN,WAIT CIDER,2006,2,WOODYHOFFMAN
WOODY,HOFFMAN,WIFE TURN,2006,6,WOODYHOFFMAN
WOODY,HOFFMAN,WYOMING STORM,2006,13,WOODYHOFFMAN
ALEC,WAYNE,ALADDIN CALENDAR,2006,15,ALECWAYNE
ALEC,WAYNE,BLADE POLISH,2006,7,ALECWAYNE
ALEC,WAYNE,BULL SHAWSHANK,2006,1,ALECWAYNE
ALEC,WAYNE,CABIN FLASH,2006,3,ALECWAYNE
ALEC,WAYNE,CENTER DINOSAUR,2006,4,ALECWAYNE
ALEC,WAYNE,CHAMBER ITALIAN,2006,12,ALECWAYNE
ALEC,WAYNE,CONEHEADS SMOOCHY,2006,7,ALECWAYNE
ALEC,WAYNE,DESTINY SATURDAY,2006,13,ALECWAYNE
ALEC,WAYNE,EFFECT GLADIATOR,2006,8,ALECWAYNE
ALEC,WAYNE,ENCOUNTERS CURTAIN,2006,7,ALECWAYNE
ALEC,WAYNE,EXPRESS LONELY,2006,14,ALECWAYNE
ALEC,WAYNE,FICTION CHRISTMAS,2006,9,ALECWAYNE
ALEC,WAYNE,FREEDOM CLEOPATRA,2006,5,ALECWAYNE
ALEC,WAYNE,FUGITIVE MAGUIRE,2006,16,ALECWAYNE
ALEC,WAYNE,HOURS RAGE,2006,13,ALECWAYNE
ALEC,WAYNE,HUSTLER PARTY,2006,5,ALECWAYNE
ALEC,WAYNE,IDENTITY LOVER,2006,14,ALECWAYNE
ALEC,WAYNE,INSIDER ARIZONA,2006,12,ALECWAYNE
ALEC,WAYNE,JEOPARDY ENCINO,2006,4,ALECWAYNE
ALEC,WAYNE,JOON NORTHWEST,2006,15,ALECWAYNE
ALEC,WAYNE,LIBERTY MAGNIFICENT,2006,15,ALECWAYNE
ALEC,WAYNE,MAGIC MALLRATS,2006,3,ALECWAYNE
ALEC,WAYNE,MONEY HAROLD,2006,13,ALECWAYNE
ALEC,WAYNE,OUTBREAK DIVINE,2006,10,ALECWAYNE
ALEC,WAYNE,REIGN GENTLEMEN,2006,14,ALECWAYNE
ALEC,WAYNE,SMOKING BARBARELLA,2006,6,ALECWAYNE
ALEC,WAYNE,SUMMER SCARFACE,2006,4,ALECWAYNE
ALEC,WAYNE,UPTOWN YOUNG,2006,3,ALECWAYNE
ALEC,WAYNE,VIRGIN DAISY,2006,7,ALECWAYNE
SANDRA,PECK,ACADEMY DINOSAUR,2006,6,SANDRAPECK
SANDRA,PECK,BANG KWAI,2006,8,SANDRAPECK
SANDRA,PECK,BEETHOVEN EXORCIST,2006,7,SANDRAPECK
SANDRA,PECK,BEVERLY OUTLAW,2006,14,SANDRAPECK
SANDRA,PECK,BIRDS PERDITION,2006,13,SANDRAPECK
SANDRA,PECK,BOONDOCK BALLROOM,2006,16,SANDRAPECK
SANDRA,PECK,DUDE BLINDNESS,2006,15,SANDRAPECK
SANDRA,PECK,DUMBO LUST,2006,8,SANDRAPECK
SANDRA,PECK,ENOUGH RAGING,2006,16,SANDRAPECK
SANDRA,PECK,EXCITEMENT EVE,2006,1,SANDRAPECK
SANDRA,PECK,FAMILY SWEET,2006,11,SANDRAPECK
SANDRA,PECK,FIREHOUSE VIETNAM,2006,1,SANDRAPECK
SANDRA,PECK,FLASH WARS,2006,13,SANDRAPECK
SANDRA,PECK,GILBERT PELICAN,2006,4,SANDRAPECK
SANDRA,PECK,MATRIX SNOWMAN,2006,9,SANDRAPECK
SANDRA,PECK,RINGS HEARTBREAKERS,2006,1,SANDRAPECK
SANDRA,PECK,SILENCE KANE,2006,12,SANDRAPECK
SANDRA,PECK,STAGECOACH ARMAGEDDON,2006,1,SANDRAPECK
SANDRA,PECK,VIRGINIAN PLUTO,2006,6,SANDRAPECK
SISSY,SOBIESKI,BORN SPINAL,2006,16,SISSYSOBIESKI
SISSY,SOBIESKI,CHITTY LOCK,2006,7,SISSYSOBIESKI
SISSY,SOBIESKI,CLYDE THEORY,2006,13,SISSYSOBIESKI
SISSY,SOBIESKI,COAST RAINBOW,2006,6,SISSYSOBIESKI
SISSY,SOBIESKI,CRAZY HOME,2006,5,SISSYSOBIESKI
SISSY,SOBIESKI,FACTORY DRAGON,2006,16,SISSYSOBIESKI
SISSY,SOBIESKI,FERRIS MOTHER,2006,5,SISSYSOBIESKI
SISSY,SOBIESKI,GONE TROUBLE,2006,7,SISSYSOBIESKI
SISSY,SOBIESKI,GREEK EVERYONE,2006,9,SISSYSOBIESKI
SISSY,SOBIESKI,HOOSIERS BIRDCAGE,2006,9,SISSYSOBIESKI
SISSY,SOBIESKI,MOB DUFFEL,2006,7,SISSYSOBIESKI
SISSY,SOBIESKI,OPEN AFRICAN,2006,14,SISSYSOBIESKI
SISSY,SOBIESKI,PRIX UNDEFEATED,2006,8,SISSYSOBIESKI
SISSY,SOBIESKI,ROCKY WAR,2006,7,SISSYSOBIESKI
SISSY,SOBIESKI,SHRUNK DIVINE,2006,1,SISSYSOBIESKI
SISSY,SOBIESKI,SKY MIRACLE,2006,1,SISSYSOBIESKI
SISSY,SOBIESKI,TELEMARK HEARTBREAKERS,2006,2,SISSYSOBIESKI
SISSY,SOBIESKI,WISDOM WORKER,2006,5,SISSYSOBIESKI
TIM,HACKMAN,BEHAVIOR RUNAWAY,2006,11,TIMHACKMAN
TIM,HACKMAN,BOILED DARES,2006,16,TIMHACKMAN
TIM,HACKMAN,BUCKET BROTHERHOOD,2006,16,TIMHACKMAN
TIM,HACKMAN,CALENDAR GUNFIGHT,2006,9,TIMHACKMAN
TIM,HACKMAN,CHAPLIN LICENSE,2006,13,TIMHACKMAN
TIM,HACKMAN,CRUSADE HONEY,2006,15,TIMHACKMAN
TIM,HACKMAN,CUPBOARD SINNERS,2006,6,TIMHACKMAN
TIM,HACKMAN,DEEP CRUSADE,2006,6,TIMHACKMAN
TIM,HACKMAN,FEUD FROGMEN,2006,8,TIMHACKMAN
TIM,HACKMAN,FIDDLER LOST,2006,14,TIMHACKMAN
TIM,HACKMAN,HAROLD FRENCH,2006,7,TIMHACKMAN
TIM,HACKMAN,HOMEWARD CIDER,2006,6,TIMHACKMAN
TIM,HACKMAN,HOOSIERS BIRDCAGE,2006,9,TIMHACKMAN
TIM,HACKMAN,LIGHTS DEER,2006,4,TIMHACKMAN
TIM,HACKMAN,MEET CHOCOLATE,2006,9,TIMHACKMAN
TIM,HACKMAN,MOB DUFFEL,2006,7,TIMHACKMAN
TIM,HACKMAN,MUMMY CREATURES,2006,15,TIMHACKMAN
TIM,HACKMAN,PACKER MADIGAN,2006,2,TIMHACKMAN
TIM,HACKMAN,PEACH INNOCENT,2006,15,TIMHACKMAN
TIM,HACKMAN,PEARL DESTINY,2006,9,TIMHACKMAN
TIM,HACKMAN,SNATCHERS MONTEZUMA,2006,4,TIMHACKMAN
TIM,HACKMAN,UPTOWN YOUNG,2006,3,TIMHACKMAN
TIM,HACKMAN,WIZARD COLDBLOODED,2006,12,TIMHACKMAN
MILLA,PECK,BAREFOOT MANCHURIAN,2006,1,MILLAPECK
MILLA,PECK,CALENDAR GUNFIGHT,2006,9,MILLAPECK
MILLA,PECK,CHANCE RESURRECTION,2006,15,MILLAPECK
MILLA,PECK,CLASH FREDDY,2006,2,MILLAPECK
MILLA,PECK,DAUGHTER MADIGAN,2006,3,MILLAPECK
MILLA,PECK,DREAM PICKUP,2006,1,MILLAPECK
MILLA,PECK,FATAL HAUNTED,2006,13,MILLAPECK
MILLA,PECK,FEATHERS METAL,2006,10,MILLAPECK
MILLA,PECK,JACKET FRISCO,2006,7,MILLAPECK
MILLA,PECK,JUGGLER HARDLY,2006,2,MILLAPECK
MILLA,PECK,MIDNIGHT WESTWARD,2006,1,MILLAPECK
MILLA,PECK,NECKLACE OUTBREAK,2006,7,MILLAPECK
MILLA,PECK,PEACH INNOCENT,2006,15,MILLAPECK
MILLA,PECK,PREJUDICE OLEANDER,2006,4,MILLAPECK
MILLA,PECK,RAIDERS ANTITRUST,2006,6,MILLAPECK
MILLA,PECK,ROBBERS JOON,2006,3,MILLAPECK
MILLA,PECK,ROCK INSTINCT,2006,11,MILLAPECK
MILLA,PECK,RUSHMORE MERMAID,2006,5,MILLAPECK
MILLA,PECK,SEATTLE EXPECATIONS,2006,7,MILLAPECK
MILLA,PECK,TEEN APOLLO,2006,16,MILLAPECK
MILLA,PECK,TEMPLE ATTRACTION,2006,11,MILLAPECK
MILLA,PECK,WATERSHIP FRONTIER,2006,11,MILLAPECK
MILLA,PECK,WHISPERER GIANT,2006,14,MILLAPECK
MILLA,PECK,WRONG BEHAVIOR,2006,3,MILLAPECK
AUDREY,OLIVIER,ATLANTIS CAUSE,2006,8,AUDREYOLIVIER
AUDREY,OLIVIER,BOULEVARD MOB,2006,13,AUDREYOLIVIER
AUDREY,OLIVIER,CAPER MOTIONS,2006,5,AUDREYOLIVIER
AUDREY,OLIVIER,CASSIDY WYOMING,2006,16,AUDREYOLIVIER
AUDREY,OLIVIER,CONEHEADS SMOOCHY,2006,7,AUDREYOLIVIER
AUDREY,OLIVIER,CONTROL ANTHEM,2006,5,AUDREYOLIVIER
AUDREY,OLIVIER,DORADO NOTTING,2006,12,AUDREYOLIVIER
AUDREY,OLIVIER,FRENCH HOLIDAY,2006,6,AUDREYOLIVIER
AUDREY,OLIVIER,GUNFIGHTER MUSSOLINI,2006,15,AUDREYOLIVIER
AUDREY,OLIVIER,HALLOWEEN NUTS,2006,6,AUDREYOLIVIER
AUDREY,OLIVIER,HUMAN GRAFFITI,2006,10,AUDREYOLIVIER
AUDREY,OLIVIER,KANE EXORCIST,2006,9,AUDREYOLIVIER
AUDREY,OLIVIER,KNOCK WARLOCK,2006,5,AUDREYOLIVIER
AUDREY,OLIVIER,LOATHING LEGALLY,2006,4,AUDREYOLIVIER
AUDREY,OLIVIER,PEAK FOREVER,2006,15,AUDREYOLIVIER
AUDREY,OLIVIER,REDEMPTION COMFORTS,2006,13,AUDREYOLIVIER
AUDREY,OLIVIER,SENSE GREEK,2006,15,AUDREYOLIVIER
AUDREY,OLIVIER,SHIP WONDERLAND,2006,6,AUDREYOLIVIER
AUDREY,OLIVIER,SIDE ARK,2006,1,AUDREYOLIVIER
AUDREY,OLIVIER,SQUAD FISH,2006,15,AUDREYOLIVIER
AUDREY,OLIVIER,STING PERSONAL,2006,13,AUDREYOLIVIER
AUDREY,OLIVIER,STRANGER STRANGERS,2006,3,AUDREYOLIVIER
AUDREY,OLIVIER,USUAL UNTOUCHABLES,2006,9,AUDREYOLIVIER
AUDREY,OLIVIER,VOLUME HOUSE,2006,4,AUDREYOLIVIER
AUDREY,OLIVIER,WHALE BIKINI,2006,9,AUDREYOLIVIER
JUDY,DEAN,ALADDIN CALENDAR,2006,15,JUDYDEAN
JUDY,DEAN,ARACHNOPHOBIA ROLLERCOASTER,2006,11,JUDYDEAN
JUDY,DEAN,BALLROOM MOCKINGBIRD,2006,9,JUDYDEAN
JUDY,DEAN,CYCLONE FAMILY,2006,9,JUDYDEAN
JUDY,DEAN,DROP WATERFRONT,2006,15,JUDYDEAN
JUDY,DEAN,GUNFIGHTER MUSSOLINI,2006,15,JUDYDEAN
JUDY,DEAN,MODERN DORADO,2006,6,JUDYDEAN
JUDY,DEAN,MUSSOLINI SPOILERS,2006,15,JUDYDEAN
JUDY,DEAN,NASH CHOCOLAT,2006,2,JUDYDEAN
JUDY,DEAN,QUEST MUSSOLINI,2006,1,JUDYDEAN
JUDY,DEAN,RINGS HEARTBREAKERS,2006,1,JUDYDEAN
JUDY,DEAN,ROCKETEER MOTHER,2006,9,JUDYDEAN
JUDY,DEAN,RUGRATS SHAKESPEARE,2006,1,JUDYDEAN
JUDY,DEAN,SOLDIERS EVOLUTION,2006,14,JUDYDEAN
JUDY,DEAN,TROUBLE DATE,2006,16,JUDYDEAN
BURT,DUKAKIS,ALIEN CENTER,2006,9,BURTDUKAKIS
BURT,DUKAKIS,BLINDNESS GUN,2006,14,BURTDUKAKIS
BURT,DUKAKIS,COMMANDMENTS EXPRESS,2006,11,BURTDUKAKIS
BURT,DUKAKIS,DINOSAUR SECRETARY,2006,8,BURTDUKAKIS
BURT,DUKAKIS,DOUBLE WRATH,2006,2,BURTDUKAKIS
BURT,DUKAKIS,ENDING CROWDS,2006,13,BURTDUKAKIS
BURT,DUKAKIS,GREEK EVERYONE,2006,9,BURTDUKAKIS
BURT,DUKAKIS,GRINCH MASSAGE,2006,10,BURTDUKAKIS
BURT,DUKAKIS,GUN BONNIE,2006,10,BURTDUKAKIS
BURT,DUKAKIS,GUYS FALCON,2006,14,BURTDUKAKIS
BURT,DUKAKIS,HEAVEN FREEDOM,2006,5,BURTDUKAKIS
BURT,DUKAKIS,HOME PITY,2006,12,BURTDUKAKIS
BURT,DUKAKIS,HOMEWARD CIDER,2006,6,BURTDUKAKIS
BURT,DUKAKIS,IMAGE PRINCESS,2006,15,BURTDUKAKIS
BURT,DUKAKIS,INTOLERABLE INTENTIONS,2006,6,BURTDUKAKIS
BURT,DUKAKIS,JERK PAYCHECK,2006,4,BURTDUKAKIS
BURT,DUKAKIS,KANE EXORCIST,2006,9,BURTDUKAKIS
BURT,DUKAKIS,KING EVOLUTION,2006,8,BURTDUKAKIS
BURT,DUKAKIS,MENAGERIE RUSHMORE,2006,2,BURTDUKAKIS
BURT,DUKAKIS,MONEY HAROLD,2006,13,BURTDUKAKIS
BURT,DUKAKIS,MOTIONS DETAILS,2006,11,BURTDUKAKIS
BURT,DUKAKIS,RANDOM GO,2006,14,BURTDUKAKIS
BURT,DUKAKIS,RANGE MOONWALKER,2006,8,BURTDUKAKIS
BURT,DUKAKIS,REAP UNFAITHFUL,2006,11,BURTDUKAKIS
BURT,DUKAKIS,RIGHT CRANES,2006,4,BURTDUKAKIS
BURT,DUKAKIS,TALENTED HOMICIDE,2006,15,BURTDUKAKIS
BURT,DUKAKIS,TRUMAN CRAZY,2006,1,BURTDUKAKIS
BURT,DUKAKIS,VALENTINE VANISHING,2006,16,BURTDUKAKIS
BURT,DUKAKIS,WANDA CHAMBER,2006,10,BURTDUKAKIS
VAL,BOLGER,ALADDIN CALENDAR,2006,15,VALBOLGER
VAL,BOLGER,ALASKA PHANTOM,2006,12,VALBOLGER
VAL,BOLGER,AMADEUS HOLY,2006,1,VALBOLGER
VAL,BOLGER,CANYON STOCK,2006,2,VALBOLGER
VAL,BOLGER,CAPER MOTIONS,2006,5,VALBOLGER
VAL,BOLGER,CARRIE BUNCH,2006,11,VALBOLGER
VAL,BOLGER,CHITTY LOCK,2006,7,VALBOLGER
VAL,BOLGER,DALMATIONS SWEDEN,2006,7,VALBOLGER
VAL,BOLGER,DRIFTER COMMANDMENTS,2006,1,VALBOLGER
VAL,BOLGER,DUDE BLINDNESS,2006,15,VALBOLGER
VAL,BOLGER,ELEPHANT TROJAN,2006,11,VALBOLGER
VAL,BOLGER,FIREBALL PHILADELPHIA,2006,5,VALBOLGER
VAL,BOLGER,INTRIGUE WORST,2006,9,VALBOLGER
VAL,BOLGER,JAWBREAKER BROOKLYN,2006,12,VALBOLGER
VAL,BOLGER,JERSEY SASSY,2006,3,VALBOLGER
VAL,BOLGER,LAMBS CINCINATTI,2006,10,VALBOLGER
VAL,BOLGER,LONELY ELEPHANT,2006,5,VALBOLGER
VAL,BOLGER,MAKER GABLES,2006,3,VALBOLGER
VAL,BOLGER,MALLRATS UNITED,2006,5,VALBOLGER
VAL,BOLGER,METROPOLIS COMA,2006,14,VALBOLGER
VAL,BOLGER,MODEL FISH,2006,3,VALBOLGER
VAL,BOLGER,PATHS CONTROL,2006,7,VALBOLGER
VAL,BOLGER,PATIENT SISTER,2006,4,VALBOLGER
VAL,BOLGER,PREJUDICE OLEANDER,2006,4,VALBOLGER
VAL,BOLGER,PRIMARY GLASS,2006,1,VALBOLGER
VAL,BOLGER,SHAWSHANK BUBBLE,2006,16,VALBOLGER
VAL,BOLGER,STALLION SUNDANCE,2006,14,VALBOLGER
VAL,BOLGER,STAMPEDE DISTURBING,2006,10,VALBOLGER
VAL,BOLGER,STRANGER STRANGERS,2006,3,VALBOLGER
VAL,BOLGER,TOWN ARK,2006,9,VALBOLGER
VAL,BOLGER,UNITED PILOT,2006,6,VALBOLGER
VAL,BOLGER,WATCH TRACY,2006,2,VALBOLGER
VAL,BOLGER,WEDDING APOLLO,2006,6,VALBOLGER
VAL,BOLGER,WORKING MICROCOSMOS,2006,16,VALBOLGER
VAL,BOLGER,YOUTH KICK,2006,12,VALBOLGER
TOM,MCKELLEN,ANALYZE HOOSIERS,2006,11,TOMMCKELLEN
TOM,MCKELLEN,CADDYSHACK JEDI,2006,1,TOMMCKELLEN
TOM,MCKELLEN,CLUB GRAFFITI,2006,2,TOMMCKELLEN
TOM,MCKELLEN,CONGENIALITY QUEST,2006,15,TOMMCKELLEN
TOM,MCKELLEN,DESIRE ALIEN,2006,2,TOMMCKELLEN
TOM,MCKELLEN,DONNIE ALLEY,2006,2,TOMMCKELLEN
TOM,MCKELLEN,EGG IGBY,2006,6,TOMMCKELLEN
TOM,MCKELLEN,FREEDOM CLEOPATRA,2006,5,TOMMCKELLEN
TOM,MCKELLEN,FRISCO FORREST,2006,14,TOMMCKELLEN
TOM,MCKELLEN,GENTLEMEN STAGE,2006,9,TOMMCKELLEN
TOM,MCKELLEN,IDAHO LOVE,2006,13,TOMMCKELLEN
TOM,MCKELLEN,IDOLS SNATCHERS,2006,3,TOMMCKELLEN
TOM,MCKELLEN,INDIAN LOVE,2006,8,TOMMCKELLEN
TOM,MCKELLEN,KISSING DOLLS,2006,1,TOMMCKELLEN
TOM,MCKELLEN,LEGEND JEDI,2006,12,TOMMCKELLEN
TOM,MCKELLEN,MAGIC MALLRATS,2006,3,TOMMCKELLEN
TOM,MCKELLEN,MISSION ZOOLANDER,2006,2,TOMMCKELLEN
TOM,MCKELLEN,NECKLACE OUTBREAK,2006,7,TOMMCKELLEN
TOM,MCKELLEN,NEIGHBORS CHARADE,2006,15,TOMMCKELLEN
TOM,MCKELLEN,PURPLE MOVIE,2006,9,TOMMCKELLEN
TOM,MCKELLEN,SHRUNK DIVINE,2006,1,TOMMCKELLEN
TOM,MCKELLEN,SPICE SORORITY,2006,7,TOMMCKELLEN
TOM,MCKELLEN,STALLION SUNDANCE,2006,14,TOMMCKELLEN
TOM,MCKELLEN,STRANGER STRANGERS,2006,3,TOMMCKELLEN
TOM,MCKELLEN,TARZAN VIDEOTAPE,2006,11,TOMMCKELLEN
GOLDIE,BRODY,BILKO ANONYMOUS,2006,8,GOLDIEBRODY
GOLDIE,BRODY,BINGO TALENTED,2006,14,GOLDIEBRODY
GOLDIE,BRODY,COMANCHEROS ENEMY,2006,3,GOLDIEBRODY
GOLDIE,BRODY,DAISY MENAGERIE,2006,14,GOLDIEBRODY
GOLDIE,BRODY,DESERT POSEIDON,2006,11,GOLDIEBRODY
GOLDIE,BRODY,EVERYONE CRAFT,2006,9,GOLDIEBRODY
GOLDIE,BRODY,EXORCIST STING,2006,15,GOLDIEBRODY
